Baseline (GWh),Improved (GWh),model_type
10.529668428433718,5.053099001357251,Reasoning
10.381850340774903,4.975462465419629,Reasoning
10.674384419558274,5.1266481335801934,Reasoning
