Baseline (GWh),Improved (GWh),model_type
0.73142236700087,0.32715084516946985,Non-Reasoning
0.7222308164119405,0.3225695858531416,Non-Reasoning
0.7403534506020897,0.3313070813192753,Non-Reasoning
